{
  "seL4.git": 11.2742280960083,
  "musllibc.git": 2.8850364685058594,
  "seL4_libs.git": 2.974384307861328,
  "sel4_projects_libs": 2.380478620529175,
  "sel4runtime.git": 2.0339488983154297,
  "sel4test.git": 2.416112184524536,
  "util_libs.git": 2.7565784454345703,
  "nanopb": 2.8707919120788574,
  "opensbi": 2.7821714878082275,
  "seL4_tools.git": 2.438040018081665
}