{
  "kernel": {
    "last_fetch": 1711714140.0361385,
    "last_checkout": 1711714140.0361385
  },
  "projects/musllibc": {
    "last_fetch": 1711714140.0361385,
    "last_checkout": 1711714140.0361385
  },
  "projects/seL4_libs": {
    "last_fetch": 1711714140.0361385,
    "last_checkout": 1711714140.0361385
  },
  "projects/sel4_projects_libs": {
    "last_fetch": 1711714140.0361385,
    "last_checkout": 1711714140.0361385
  },
  "projects/sel4runtime": {
    "last_fetch": 1711714140.0361385,
    "last_checkout": 1711714140.0361385
  },
  "projects/sel4test": {
    "last_fetch": 1711714140.0361385,
    "last_checkout": 1711714140.0361385
  },
  "projects/util_libs": {
    "last_fetch": 1711714140.0361385,
    "last_checkout": 1711714140.0361385
  },
  "tools/nanopb": {
    "last_fetch": 1711714140.0361385,
    "last_checkout": 1711714140.0361385
  },
  "tools/opensbi": {
    "last_fetch": 1711714140.0361385,
    "last_checkout": 1711714140.0361385
  },
  "tools/seL4": {
    "last_fetch": 1711714140.0361385,
    "last_checkout": 1711714140.0361385
  }
}